use TorvDB;
-- =================================================================================
-- 1. CARGA DE MOCK DE DADOS (5 LINHAS POR TABELA)
-- =================================================================================

-- 1.1 Módulo de Autenticação e Perfil
INSERT INTO users (id, email, password_hash, auth_provider) VALUES
('A1000000-0000-0000-0000-000000000001', 'joao@torv.com', 'hash123', 'email'),
('A1000000-0000-0000-0000-000000000002', 'marina@torv.com', 'hash123', 'google'),
('A1000000-0000-0000-0000-000000000003', 'rafael@torv.com', 'hash123', 'apple'),
('A1000000-0000-0000-0000-000000000004', 'julia@torv.com', 'hash123', 'email'),
('A1000000-0000-0000-0000-000000000005', 'pedro@torv.com', 'hash123', 'google');

INSERT INTO user_profiles (user_id, username, name, fitness_level, goal, birth_date, gender) VALUES
('A1000000-0000-0000-0000-000000000001', '@joaosilva', 'João Silva', 'Intermediário', 'Ganhar Massa', '1995-05-10', 'Masculino'),
('A1000000-0000-0000-0000-000000000002', '@marinalves', 'Marina Alves', 'Avançado', 'Melhorar Condicionamento', '1992-08-22', 'Feminino'),
('A1000000-0000-0000-0000-000000000003', '@rafacosta', 'Rafael Costa', 'Avançado', 'Aumentar Resistência', '1990-11-05', 'Masculino'),
('A1000000-0000-0000-0000-000000000004', '@julialima', 'Julia Lima', 'Iniciante', 'Perder Peso', '1998-02-15', 'Feminino'),
('A1000000-0000-0000-0000-000000000005', '@pedrotorres', 'Pedro Torres', 'Intermediário', 'Criar uma Rotina', '1997-07-30', 'Masculino');

INSERT INTO user_measurements (user_id, weight_kg, height_cm) VALUES
('A1000000-0000-0000-0000-000000000001', 78.5, 180),
('A1000000-0000-0000-0000-000000000002', 62.0, 165),
('A1000000-0000-0000-0000-000000000003', 85.0, 185),
('A1000000-0000-0000-0000-000000000004', 70.0, 160),
('A1000000-0000-0000-0000-000000000005', 75.2, 175);

-- 1.2 Módulo de Gamificação e Social
INSERT INTO user_streaks (user_id, current_streak, longest_streak, last_activity) VALUES
('A1000000-0000-0000-0000-000000000001', 12, 21, DATEADD(day, -1, GETDATE())), -- Treinou ontem
('A1000000-0000-0000-0000-000000000002', 5, 15, DATEADD(day, -1, GETDATE())),
('A1000000-0000-0000-0000-000000000003', 0, 45, DATEADD(day, -5, GETDATE())), -- Ofensiva quebrada
('A1000000-0000-0000-0000-000000000004', 2, 2, DATEADD(day, -1, GETDATE())),
('A1000000-0000-0000-0000-000000000005', 1, 10, GETDATE()); -- Treinou hoje

INSERT INTO follows (follower_id, followed_id) VALUES
('A1000000-0000-0000-0000-000000000001', 'A1000000-0000-0000-0000-000000000002'),
('A1000000-0000-0000-0000-000000000002', 'A1000000-0000-0000-0000-000000000001'),
('A1000000-0000-0000-0000-000000000003', 'A1000000-0000-0000-0000-000000000001'),
('A1000000-0000-0000-0000-000000000004', 'A1000000-0000-0000-0000-000000000002'),
('A1000000-0000-0000-0000-000000000005', 'A1000000-0000-0000-0000-000000000003');

INSERT INTO groups (id, name, period_type) VALUES
('B2000000-0000-0000-0000-000000000001', 'Academia Bros', 'Semanal'),
('B2000000-0000-0000-0000-000000000002', 'Corredores SP', 'Mensal'),
('B2000000-0000-0000-0000-000000000003', 'Desafio 30 Dias', 'Mensal'),
('B2000000-0000-0000-0000-000000000004', 'Crossfit Elite', 'Semanal'),
('B2000000-0000-0000-0000-000000000005', 'Yoga Matinal', 'Semanal');

INSERT INTO group_members (group_id, user_id) VALUES
('B2000000-0000-0000-0000-000000000001', 'A1000000-0000-0000-0000-000000000001'),
('B2000000-0000-0000-0000-000000000001', 'A1000000-0000-0000-0000-000000000002'),
('B2000000-0000-0000-0000-000000000001', 'A1000000-0000-0000-0000-000000000003'),
('B2000000-0000-0000-0000-000000000002', 'A1000000-0000-0000-0000-000000000002'),
('B2000000-0000-0000-0000-000000000003', 'A1000000-0000-0000-0000-000000000004');

INSERT INTO group_rankings (group_id, user_id, total_points, activities_count) VALUES
('B2000000-0000-0000-0000-000000000001', 'A1000000-0000-0000-0000-000000000001', 3990, 12),
('B2000000-0000-0000-0000-000000000001', 'A1000000-0000-0000-0000-000000000002', 3450, 10),
('B2000000-0000-0000-0000-000000000001', 'A1000000-0000-0000-0000-000000000003', 4820, 15),
('B2000000-0000-0000-0000-000000000002', 'A1000000-0000-0000-0000-000000000002', 1200, 4),
('B2000000-0000-0000-0000-000000000003', 'A1000000-0000-0000-0000-000000000004', 500, 2);

-- 1.3 Módulo de Tracking e Rotinas
INSERT INTO exercises (id, name, muscle_group) VALUES
('C3000000-0000-0000-0000-000000000001', 'Supino Reto', 'Peito'),
('C3000000-0000-0000-0000-000000000002', 'Agachamento Livre', 'Pernas'),
('C3000000-0000-0000-0000-000000000003', 'Puxada Frontal', 'Costas'),
('C3000000-0000-0000-0000-000000000004', 'Rosca Direta', 'Bíceps'),
('C3000000-0000-0000-0000-000000000005', 'Tríceps Testa', 'Tríceps');

INSERT INTO workout_routines (id, user_id, name, day_of_week) VALUES
('D4000000-0000-0000-0000-000000000001', 'A1000000-0000-0000-0000-000000000001', 'Peito & Tríceps', 'Segunda'),
('D4000000-0000-0000-0000-000000000002', 'A1000000-0000-0000-0000-000000000001', 'Costas & Bíceps', 'Terça'),
('D4000000-0000-0000-0000-000000000003', 'A1000000-0000-0000-0000-000000000002', 'Pernas & Glúteos', 'Quarta'),
('D4000000-0000-0000-0000-000000000004', 'A1000000-0000-0000-0000-000000000003', 'Full Body', 'Quinta'),
('D4000000-0000-0000-0000-000000000005', 'A1000000-0000-0000-0000-000000000004', 'Cardio HIIT', 'Sexta');

INSERT INTO routine_exercises (routine_id, exercise_id, sets, reps) VALUES
('D4000000-0000-0000-0000-000000000001', 'C3000000-0000-0000-0000-000000000001', 4, 10),
('D4000000-0000-0000-0000-000000000001', 'C3000000-0000-0000-0000-000000000005', 3, 12),
('D4000000-0000-0000-0000-000000000002', 'C3000000-0000-0000-0000-000000000003', 4, 12),
('D4000000-0000-0000-0000-000000000002', 'C3000000-0000-0000-0000-000000000004', 3, 15),
('D4000000-0000-0000-0000-000000000003', 'C3000000-0000-0000-0000-000000000002', 4, 8);

-- 1.4 Módulo de Nutrição
INSERT INTO nutrition_targets (user_id, daily_calories, protein_g, carbs_g, fat_g) VALUES
('A1000000-0000-0000-0000-000000000001', 2400, 160, 250, 80),
('A1000000-0000-0000-0000-000000000002', 1800, 120, 150, 60),
('A1000000-0000-0000-0000-000000000003', 2800, 180, 300, 90),
('A1000000-0000-0000-0000-000000000004', 1600, 100, 130, 50),
('A1000000-0000-0000-0000-000000000005', 2200, 140, 220, 70);

INSERT INTO food_logs (user_id, food_name, calories, logged_date, macros_json) VALUES
('A1000000-0000-0000-0000-000000000001', 'Ovos Mexidos (3 und)', 210, GETDATE(), '{"protein":18,"carbs":2,"fat":15}'),
('A1000000-0000-0000-0000-000000000001', 'Aveia c/ Banana', 350, GETDATE(), '{"protein":8,"carbs":60,"fat":5}'),
('A1000000-0000-0000-0000-000000000002', 'Salada de Frango', 400, GETDATE(), '{"protein":35,"carbs":10,"fat":20}'),
('A1000000-0000-0000-0000-000000000003', 'Whey Protein', 120, GETDATE(), '{"protein":24,"carbs":3,"fat":1}'),
('A1000000-0000-0000-0000-000000000004', 'Maçã', 80, GETDATE(), '{"protein":0,"carbs":20,"fat":0}');

-- Inserindo algumas atividades passadas (para não engatilhar as triggers de teste ainda)
INSERT INTO activities (id, user_id, activity_type, title, start_time, duration_sec, calories, distance_m) VALUES
(NEWID(), 'A1000000-0000-0000-0000-000000000001', 'Caminhada', 'Caminhada Matinal', DATEADD(day, -1, GETDATE()), 1920, 180, 3200),
(NEWID(), 'A1000000-0000-0000-0000-000000000002', 'Corrida', 'Corrida ao ar livre', DATEADD(day, -1, GETDATE()), 1692, 312, 5400),
(NEWID(), 'A1000000-0000-0000-0000-000000000003', 'Musculação', 'Supino Reto - PR', DATEADD(day, -5, GETDATE()), 3600, 480, NULL),
(NEWID(), 'A1000000-0000-0000-0000-000000000004', 'Yoga', 'Yoga Flow', DATEADD(day, -1, GETDATE()), 1800, 150, NULL),
(NEWID(), 'A1000000-0000-0000-0000-000000000005', 'Ciclismo', 'Pedalada noturna', GETDATE(), 3600, 500, 15000);